tau_vis_px,tau_vis_py,tau_vis_pz,tau_vis_e,met_px,met_py
64.83424,-51.369804,-24.75165,87.1722,205.73755,-55.169193
-77.257904,-37.03392,20.071733,89.70988,-214.22693,-110.62854
79.453384,-10.866399,193.64285,210.34612,-166.1327,534.7495
-274.57257,-258.882,-233.8634,448.58112,-114.237595,-58.60843
-24.192593,105.3158,-160.5237,193.68773,114.893524,132.1729
49.75224,74.330414,-709.0948,714.7691,20.321987,194.94711
-384.14023,86.63418,-203.01045,444.07773,-127.80179,38.80509
-450.03973,-142.70609,149.02151,495.9693,3.6555488,-130.17761
-102.32231,85.97013,-75.09342,153.49178,150.00294,-237.57559
79.35582,-34.66208,-451.7044,460.102,194.76149,-326.11633
-250.30219,16.450926,1139.5132,1167.1094,-96.05696,113.75247
-215.46469,133.85095,1255.4005,1280.8188,-253.20482,37.316544
28.826189,88.43898,-173.19734,197.78406,131.31752,-30.306345
129.49472,72.06733,-233.64711,277.93686,-130.98305,-64.725075
-110.39193,152.35403,167.50272,252.46483,139.28004,-13.064652
74.6768,-48.22311,24.44018,93.98595,-129.6369,321.77866
109.85432,-5.6499715,-127.3347,170.98386,104.58135,-64.89861
62.316475,-83.60802,-32.378677,110.676575,40.588055,144.56561
-130.74345,40.913704,-26.581835,140.55226,-234.32396,-278.8256
-84.90112,63.506203,83.99112,135.59583,31.974115,153.31902
5.789337,-106.597885,79.86568,133.76074,32.97244,-181.357
-99.97688,-113.01224,-116.98634,191.7171,-72.307274,-151.65024
36.998272,107.806946,-88.368126,146.29472,-232.44214,-52.396523
-138.42915,419.28778,-652.38116,788.7109,-38.174496,175.03113
84.95942,171.94994,214.01033,288.51114,156.49971,116.30091
-278.4092,-134.46184,-139.42682,341.0555,186.70616,-23.409208
188.7064,-8.768326,225.8136,294.9509,118.27962,-287.62643
-386.1365,126.459854,-304.74374,509.32513,201.17575,266.44537
71.29883,39.415573,794.401,798.58704,108.77564,68.91276
-3.6672812,-105.56282,40.19119,114.24507,88.89238,100.621475
-431.74368,439.54312,778.9785,993.88336,226.6157,-211.66983
-118.264175,-137.89456,-342.4933,389.31464,-133.13646,-105.182915
79.514046,14.27535,-20.625443,83.92728,-164.10262,137.35591
-76.73003,-119.66689,-6.827796,143.68167,-90.319595,-90.77398
-42.98596,151.37997,-1636.9358,1644.5775,-104.42143,144.33894
-117.78276,20.91747,-77.9501,143.40004,-198.859,-92.69295
3.78547,-526.355,-6.2634015,532.51,53.40334,-168.79242
119.44608,11.811113,-151.38284,193.59103,225.1655,71.77962
-89.54381,-19.548473,-132.53299,161.80832,158.8945,-41.43427
488.00284,10.500045,-258.27884,554.4484,122.69639,255.25197
-127.33154,12.824686,-254.62741,285.41168,20.772774,-122.4901
82.42462,-103.71468,-19.336927,134.75816,-222.74207,124.460175
-111.53612,71.22975,225.51334,262.28854,123.841324,18.094358
-170.34566,270.5324,-395.67218,514.3542,-86.088356,117.315025
55.926487,62.79045,-161.30853,182.68636,123.71543,-25.0226
51.45186,113.54777,-1162.3799,1169.1488,-70.283295,255.71194
-130.80173,-25.489273,1235.3115,1242.5787,59.53562,-231.01411
-72.0383,-219.1592,292.06857,377.78464,-67.73328,-227.45296
-18.903662,-88.096664,290.1802,303.89523,-169.91861,-85.61639
101.01962,99.094055,392.26422,417.17447,33.429813,-210.06546
238.4931,-217.30553,632.9519,712.7789,114.94562,53.581806
22.062254,94.40899,-129.05223,161.9467,-93.481125,189.0662
548.90436,306.96634,-1119.1483,1284.3138,101.70468,99.312874
67.86188,141.4458,-13.494006,158.70323,-75.93088,-223.06018
137.25354,22.596155,128.9734,190.1492,-201.26457,75.77059
-23.38068,78.39859,56.797054,99.81176,-55.941227,108.65171
-202.72858,167.62122,2352.5588,2367.3271,-46.786713,176.74998
80.49486,-147.92822,-431.5995,463.55438,241.04012,-123.80841
54.841263,149.78288,205.15749,260.2562,239.44095,-10.6455345
83.211494,57.676025,516.89716,527.12085,-161.4609,-7.1938496
-181.35521,-5.3462367,292.39948,346.13168,-435.41037,7.4517503
-110.73224,400.0908,-2366.111,2402.9414,-252.76779,112.52847
-158.89409,-17.912226,519.43195,544.54376,-128.98029,-56.45455
77.17651,-42.599453,121.58908,151.01334,179.77237,124.53313
9.574001,163.49544,-20.74929,169.99821,170.91061,56.78972
484.66748,480.57285,-697.7288,976.7463,-353.34863,-332.68726
271.3618,-390.9963,81.71218,490.26276,151.04716,-96.434906
-55.2973,172.27747,165.21861,246.61243,-269.0902,50.593357
-106.55935,120.87187,-115.551285,198.59563,-258.03162,115.40091
45.565918,-81.311356,38.49631,103.007065,-101.94072,170.12518
-84.744255,-42.071697,-35.54114,103.26392,83.08941,-146.63142
-101.465126,22.51533,-29.988434,108.22031,-87.228096,99.78469
-132.12125,-559.81177,1001.6905,1157.61,-115.62143,-106.853836
-181.54965,135.12762,252.7396,340.10645,60.6679,176.23354
92.28855,-127.4371,507.68848,531.7977,61.464035,142.10513
23.410257,-93.14135,450.87375,461.4078,-400.83038,99.131424
-142.18517,10.690399,93.5192,171.52682,-56.126198,-193.15297
268.9162,-235.21754,-100.64084,376.7616,-49.769657,-123.28944
49.45442,-86.70375,17.579119,102.20151,-123.07556,63.763317
76.666794,-62.392838,51.195873,112.79998,86.93183,-113.452286
82.414116,340.58533,723.332,804.43604,-48.437145,117.98078
28.426332,-106.00525,614.71967,624.7873,-198.57455,-243.15852
-11.031982,197.19656,151.12186,249.53665,59.074326,135.90018
192.3821,-73.40211,78.6646,223.67383,126.50504,278.3157
52.1086,-63.059357,578.48724,584.5476,73.1377,-140.71768
18.370726,-192.20703,250.29123,316.5528,-150.25371,-143.09608
115.35317,12.110045,87.6387,148.11871,-93.85652,204.78018
158.04532,-220.06577,394.91565,479.38797,54.349125,-161.15926
-187.98615,-237.2235,76.21617,312.67694,-104.23237,76.16302
6.05527,-210.82756,85.23966,229.65468,-129.14227,94.9083
-38.15681,-79.11294,11.753093,89.57658,282.1513,-366.8188
-84.58588,-41.500614,-194.00012,216.9665,-121.36314,-1.8170549
124.242424,24.540436,499.45502,516.3054,104.28352,-92.488045
-107.73098,81.080536,-316.40387,344.49042,49.429768,-112.104294
0.89905363,-82.423,-556.3712,562.45844,69.4008,-152.64587
75.437996,73.595535,-470.14026,481.90475,153.53831,-344.9688
43.71349,566.8374,972.51776,1126.8771,-1010.2538,264.80594
434.91873,243.631,96.985825,511.94775,87.92553,92.5725
-79.92686,-12.098905,-70.827484,107.969574,226.98611,-428.51373
74.87124,-103.06212,309.66766,335.09247,7.3453126,-424.60153
21.11347,87.83961,1546.3146,1548.9839,154.28833,47.632816
-118.51875,214.46147,399.14316,468.44772,-138.41664,-21.187687
-185.21861,158.33205,-39.523167,247.88695,-280.8549,54.919968
198.1362,-214.74161,261.19815,392.68893,105.41002,-145.02286
-151.35669,93.372734,-511.90598,542.5844,-79.78826,93.72403
103.38259,96.53992,200.90456,246.16609,120.44326,-29.35456
-34.296917,302.39343,246.03882,392.1895,-247.06406,271.2912
87.65708,-88.978195,-5.842963,126.26671,-233.86626,68.918945
-152.40558,-35.69973,-278.58887,320.4856,165.22913,60.98729
-140.94814,157.83485,-214.98952,306.33084,-7.2612667,213.9207
586.6338,-424.14706,-9.226849,725.9304,-167.12831,-254.91638
144.10976,28.020157,-163.16498,219.65187,-109.364365,-50.083374
44.60867,181.28491,-21.69049,188.39273,-32.273907,285.81757
-228.6981,56.78598,65.55109,245.00314,-148.95227,33.901077
123.63904,47.52061,370.15707,393.56088,-7.1028814,865.8863
-89.79837,-28.923471,193.39912,216.42139,-43.227825,-387.45483
1.0894626,-81.62054,332.11633,342.25854,-129.97646,263.8922
-291.03912,-146.7438,-556.5019,646.2544,-215.22784,21.785374
-41.765617,-89.441,-298.92468,315.50168,36.59236,123.30011
-3.4656446,-115.72788,177.159,212.65173,-320.71478,-376.4663
-395.76697,-23.748644,344.64224,527.60394,63.865948,-129.94818
-28.198154,87.45898,41.784496,102.28444,465.74237,167.1428
-61.22954,-53.580696,306.13132,316.96213,-69.73646,-107.9799
-88.45816,12.372961,71.42761,116.02106,183.75645,4.527311
190.59525,36.24501,-6.9059887,200.20401,-130.19292,-222.29861
229.2868,112.064285,-1205.7811,1232.7928,49.043175,-140.82307
-88.46059,-146.7383,525.2683,552.6706,107.72618,69.00001
49.036552,-91.02267,-52.49359,117.84739,-314.0996,-166.68385
107.01382,-164.36774,251.00958,319.358,-156.87453,-330.78833
-491.8671,-289.7957,1833.8707,1922.0381,50.858875,-152.4782
-72.73582,34.570568,49.939503,96.5708,202.24376,-136.1317
-83.53424,4.7518954,-139.13054,163.01395,-283.68246,-19.80792
-139.76524,17.885693,-18.506733,142.51936,-262.7458,0.23633093
21.843424,-131.89462,5.930539,135.37457,-222.11467,282.7638
310.17188,294.47092,86.890305,437.83337,34.26738,124.205795
97.78116,7.6581655,-62.35849,116.76932,-282.57007,141.79974
-9.710798,163.24084,1243.2523,1254.0435,-148.08269,125.26024
78.59568,72.201164,37.338776,113.462006,168.53294,-144.9432
-109.26986,-62.687843,-138.99548,189.80373,-208.64326,-77.40045
-206.77704,186.49486,808.97186,856.0465,-112.43138,-56.79985
-80.512726,158.83205,-1416.7811,1428.3159,163.43935,683.5476
60.717304,55.56107,-27.356888,87.05505,272.29965,20.863306
-74.188446,-79.772934,934.3771,940.7214,109.18358,60.807556
-81.531906,18.413937,378.94196,388.2429,-229.32713,-161.16774
-125.81242,-295.14175,402.06012,515.38635,-164.90862,232.71605
198.46362,-80.03216,-69.99616,226.13058,163.67412,-68.581184
187.49707,604.33417,-637.81665,901.1474,-70.84527,-97.53221
-114.97905,114.45949,432.9419,462.57434,-158.10681,118.61506
90.27259,57.70898,-241.6706,264.48114,-77.16469,-117.46789
-14.902178,134.37744,-79.65684,157.08244,-79.441536,-167.52335
637.4106,228.40479,1061.771,1266.5161,-443.09036,-130.89398
-230.20013,-105.25288,-110.013725,276.79797,-198.69063,-25.683882
26.648392,-88.1106,-102.466866,140.3912,408.38788,-123.541374
9.566592,-111.02254,-51.55076,124.35794,269.0486,-72.83985
-32.142857,-255.86348,573.30566,628.69806,-106.36044,-104.05686
-157.84753,82.49927,99.70347,204.68648,-115.40907,74.16831
-144.44472,112.69908,91.924034,208.82726,-219.72995,-472.02417
100.064186,-62.58804,282.89636,307.03223,-17.633173,146.91513
-160.48875,106.9526,551.2335,584.2927,-221.40883,75.352425
-14.263732,79.792305,102.26117,131.09454,136.681,-487.15063
173.79608,-54.75036,-113.91088,215.59439,179.44778,25.926838
284.33328,227.68773,-336.67624,496.53708,103.15771,66.74479
60.016235,-53.798176,-106.629456,133.89252,186.88313,126.94469
83.85818,8.851891,-9.123439,86.895805,310.20938,32.68606
-401.7696,-64.93496,-455.64603,612.5391,-150.75452,-39.536366
78.687294,15.4108,14.916754,82.07412,69.65496,-112.927376
-405.82758,-564.6404,-991.3677,1224.8019,389.12726,514.32825
-3.2199652,-113.4234,679.6623,689.74945,-312.71692,174.73994
-183.61443,-23.219194,9.323404,185.48099,243.88353,87.468
-339.33957,240.52533,-473.8815,632.76495,-142.19823,69.07588
69.40273,106.963974,-79.90448,152.37311,489.81607,121.97757
144.07246,-114.79547,829.7975,850.2509,-12.26515,272.35104
304.07895,-56.42102,-280.55972,424.14896,370.1655,-59.46414
106.291466,-6.0718136,266.5399,288.0531,101.041214,68.68943
513.5173,-9.404984,-225.9189,562.0544,141.25122,63.72905
-262.02264,191.96994,-1250.5984,1292.5132,-16.307686,180.56642
-78.76313,-173.29146,-572.02295,603.1096,-74.52447,-120.10674
152.35988,40.97141,-220.94957,273.18845,124.362114,127.34488
-85.11212,-57.091522,-675.9684,683.70764,151.69926,-33.3984
-380.555,-367.81015,357.24765,641.1905,-27.6316,-203.52449
188.03435,59.606895,-1050.9122,1069.4244,218.43593,71.89441
204.83936,-101.49136,306.46567,383.91464,132.03018,-206.06592
200.80501,320.95462,504.77155,633.5891,-392.0041,-50.23934
-93.1892,176.33673,-86.33866,217.99791,42.792,119.25956
108.01772,-116.71893,466.11954,492.7234,-51.12118,-122.4547
-250.90958,-326.76016,-1564.1327,1617.9258,-114.06984,155.66792
-186.25453,-92.396515,-61.235264,217.29225,-127.139206,-69.92085
11.573829,107.18855,-47.852406,118.9691,75.471886,99.30293
-139.1967,-2.393377,-8.343158,141.59267,-125.03635,-41.829315
227.66809,580.6294,352.1651,720.86334,-116.445404,-330.41003
239.16357,80.114,79.207085,265.4341,188.83961,-10.860416
125.94871,281.88754,402.63824,508.0504,178.77719,-252.41994
68.00792,169.74792,-117.58517,217.988,-106.13527,130.99164
-34.80917,-82.5758,64.318245,114.29876,299.81955,-13.034814
-212.3891,-461.7106,682.444,853.4104,174.5735,356.83905
0.5943493,114.09585,229.77287,257.1669,57.32112,293.7235
-98.30913,72.84311,359.8874,380.16388,-93.941795,82.31458
141.66925,-8.951706,564.62805,582.2804,-410.23587,573.70917
84.57685,17.980108,57.563896,104.8824,106.89779,56.762585
69.77619,-76.83453,-116.59203,156.59842,-53.864483,581.5644
172.29562,-178.82098,-899.15625,933.0811,159.70366,39.05931
-47.49303,161.64001,-68.83095,182.86775,-80.79321,216.06752
-656.3853,-320.08798,-159.38052,750.1495,-144.43634,-1.8382623
436.24744,-4.016676,-460.30713,635.1096,-131.63048,124.286125
-78.82122,-79.933044,-458.5547,472.12808,-206.93575,-92.00563
255.03336,-110.30853,-1431.3097,1458.1392,-278.40314,416.23944
-132.19073,110.041145,-1413.5278,1424.0718,152.55705,-121.20582
365.46085,309.88452,-235.85587,534.84033,-46.0837,417.37677
-92.36484,-17.830826,-23.480963,98.394394,95.767715,-88.834404
-143.3671,245.7555,-686.44147,743.34186,29.087498,117.03587
-140.04057,18.700254,50.01787,151.98645,-32.13324,-123.93466
464.997,148.91856,-378.35028,625.5943,-117.58874,47.6244
-52.148426,-66.27689,-4.91041,85.2547,280.80252,-200.19443
110.35638,-35.558,20.859192,119.94775,-208.09415,-13.38756
132.92415,82.37138,120.082054,197.77437,-291.63086,35.747265
194.95699,-313.13754,329.59988,496.34128,29.253819,-151.44052
32.49391,-158.90462,89.22991,187.28229,-117.60109,94.17163
-89.657875,-55.884068,-316.5828,334.30038,144.39769,-29.234829
-18.68092,136.42708,-97.11153,169.1135,28.180386,-176.33546
-130.8209,34.977795,-167.41087,216.2466,149.16948,-0.18860318
-142.23228,447.80392,82.19442,479.4252,-7.2250786,298.5354
87.03843,-11.045815,17.44115,90.59527,-28.627735,-179.78288
52.47451,70.88148,-580.7683,587.45984,267.72214,169.43217
-87.59941,-15.614477,-124.87701,154.35878,-301.29572,-97.65666
122.527664,33.8937,584.3136,598.05505,-93.072754,-93.1596
249.9123,-127.4591,-410.85168,497.8536,145.93451,63.47008
-147.82977,-186.50076,1715.5083,1732.1473,-143.96848,9.543478
-83.079216,-28.02878,30.910345,93.45239,-98.228836,106.850174
84.104164,59.439133,-195.995,222.50577,-350.45493,27.561121
51.584072,89.25941,5.5136485,104.32897,29.136091,662.8356
-84.3686,22.015047,71.73851,113.642746,301.16083,251.31015
43.20081,67.75177,30.050413,87.264694,186.15086,-85.90588
-29.340221,119.28473,-221.15567,253.0939,-34.3407,-240.89343
-224.52997,-426.35413,465.16522,670.02625,-121.749054,-205.76399
-106.74307,-128.24791,119.20732,205.20435,100.01793,72.939156
-42.166927,84.905624,76.36563,122.07207,237.68387,260.22043
118.35775,22.180885,-525.8931,540.4605,-450.52585,-39.025585
121.22859,-51.71331,63.30347,147.82072,184.87657,11.350924
-123.57228,38.23247,336.46484,360.79276,278.0116,-426.28815
23.219166,83.578964,56.68111,104.20734,236.22075,-147.8656
221.32664,203.30235,-728.71173,788.40356,52.235146,-158.42696
242.81696,78.1966,690.84906,737.8143,-55.243866,-188.73766
-73.32053,45.578556,-83.573,120.79104,140.81406,-79.55478
-140.77643,154.67622,594.0819,632.089,575.04663,291.60538
192.08327,-30.11525,-90.747215,216.00508,140.04039,225.74742
-59.369015,-55.063576,-129.69537,154.00208,-24.057398,144.27388
134.16046,16.842049,-777.0937,789.18066,131.61021,-17.730118
467.63193,-12.249028,310.84708,562.7567,323.37933,-443.0757
73.025055,-80.07225,-21.245316,111.55048,-259.2648,83.792656
-11.458547,106.19457,61.674637,123.679504,-406.93317,219.16234
-7.67252,92.45911,367.51346,379.22913,141.70587,29.901226
-188.31035,-30.383709,-9.25969,193.71587,266.9414,280.1598
140.0065,133.23297,135.09854,236.44571,137.94617,71.48232
-116.71843,-15.299991,48.62646,127.583244,-86.95109,-282.07285
-56.99868,80.106186,-13.372703,100.017975,111.45166,47.383015
-44.012894,85.72655,-70.90139,121.07339,177.07253,-72.794525
-337.48788,-190.50806,-404.024,561.5649,-159.89412,0.060332723
51.72364,-137.9008,13.445676,148.0072,-16.6562,-160.68875
-101.757126,0.5621193,60.898983,118.589745,-129.9573,-81.11121
-121.74661,-218.82938,-84.330086,267.9702,267.6346,-248.67664
120.64187,-92.07611,-8.780312,152.8407,48.662506,-139.503
-148.19043,503.44702,1105.46,1228.8009,203.08679,29.203054
-48.448883,-73.70326,-50.224876,101.735886,-32.018612,-127.582794
-37.231655,85.28859,50.80789,106.46313,-2.4144692,-165.65141
37.11035,-296.13492,53.983406,304.86496,-240.04256,266.0132
93.47977,-6.805732,-46.23962,105.760216,-120.895164,27.299412
-56.97568,80.28941,47.425842,110.05135,151.62723,-44.637577
-80.787346,-87.00181,-120.53603,169.9731,-356.53186,-70.55574
-0.38156924,183.39328,-350.41516,395.8894,98.38071,103.45677
285.1618,-77.6536,-9.966087,296.1596,58.05112,-156.52618
-67.87879,54.478188,401.46695,410.9131,126.35327,-185.0204
-452.182,-244.92142,-734.28564,905.08923,-203.74197,-143.99162
-10.262584,-79.72251,18.263355,83.881935,129.02176,-23.4138
73.66385,234.20856,149.75996,293.73804,109.821526,-102.01688
-140.11736,49.71851,-543.3199,563.60956,281.2576,130.91533
-53.928253,-137.65938,466.90903,490.11237,-128.60487,-143.81174
-4.786578,101.07011,97.89988,141.3152,297.46613,-15.088629
-62.075806,-78.83692,-7.2028956,101.21058,-86.24748,124.166245
92.35356,-35.892494,-213.8707,235.96277,345.19516,211.63718
82.06717,338.31635,-243.5859,427.4129,58.22007,146.24861
-383.612,274.1887,-158.5725,499.98087,-202.15065,149.52995
-76.33001,41.341743,380.8173,390.99734,-251.6384,-198.77817
99.902756,-74.69036,-29.7518,130.8416,68.93428,-233.98245
-205.87987,238.72421,-311.83636,443.61765,-74.88811,119.647675
-108.429245,22.248503,10.644114,113.28712,-238.76086,46.08493
-17.779032,-166.17989,335.29535,374.89426,-18.24521,-190.42361
-298.1515,135.33092,1248.1409,1291.1294,115.533035,-33.82067
-97.64991,-19.05676,68.54791,121.72394,-99.197235,-128.05559
96.59053,62.849503,-120.05778,167.58055,120.92301,2.8278186
88.5578,60.725502,292.99066,312.217,-77.933655,-704.1435
-61.615654,-57.9291,53.23787,99.93268,-70.11857,-179.94603
42.091003,195.58928,156.83794,258.64526,-285.5383,-216.08652
-4.4304028,-92.084595,12.343912,93.50019,-407.52692,458.9998
-106.62276,-39.692894,7.082051,118.22692,112.47752,71.18121
-79.802734,9.106307,40.810978,91.381096,154.47012,-63.552902
-96.09518,35.617416,117.87016,156.52432,189.149,-108.74619
233.93413,20.744263,-571.2003,618.2298,412.3708,-165.727
29.769115,-150.18135,-96.57683,182.74762,-110.9884,122.65031
302.30566,165.37485,732.19794,810.2205,-153.20836,-118.97063
-92.344505,308.86746,53.442875,329.45847,186.65201,-18.706636
115.07527,-129.03958,-226.04102,285.2451,-183.48312,131.10455
32.901554,-76.15768,-194.875,212.26683,-174.75279,-826.68994
359.4518,599.9862,-950.4887,1180.4529,-268.73346,-407.4487
-104.11524,-77.980064,-97.22244,163.45293,202.42776,-239.42308
-335.02768,60.69155,-625.84094,713.2455,-121.75358,-154.79227
-492.71198,110.295395,-672.01135,847.9224,359.81213,-45.35484
-100.69383,-439.1153,588.637,742.1607,-21.543655,-121.12125
413.55753,177.49089,589.55035,744.6711,159.5138,99.44406
171.98537,-23.663588,43.566544,179.2659,-207.10542,334.40195
72.434074,50.376083,-32.288895,95.09071,419.78738,-17.223774
45.221783,-122.97886,314.51788,341.868,125.164474,-123.82336
-77.29939,73.84785,-24.89207,111.53048,119.53836,23.000221
332.48395,-67.37925,-311.64105,461.7439,-308.4335,-214.70992
-85.433014,129.74675,223.58223,273.29016,1.6199816,131.22
251.55672,563.3825,1599.1346,1715.8823,27.774685,118.610085
49.6186,81.34196,-176.81534,201.16576,-436.83514,-204.19153
-129.71126,-96.1779,182.95003,244.51492,-298.38837,-180.81223
51.20719,-118.64287,-19.720568,132.40826,-126.192986,-11.948262
51.0543,125.6107,-774.18256,786.1151,-147.86061,-115.588936
-273.48776,220.38283,-510.25885,619.6681,-177.04485,177.201
409.6184,-4.8798065,-26.111284,411.7952,109.36918,-49.72757
-184.98633,104.81524,1157.8794,1177.4954,172.37825,-201.02493
149.09729,259.3373,2485.9226,2504.307,50.96851,144.55386
394.354,90.62362,-345.5038,538.649,166.80823,17.356892
-556.23804,-83.41495,432.5507,710.34546,141.57886,31.258667
240.94733,-358.5029,-1524.4191,1584.9855,247.15945,136.56436
8.125612,-95.737335,-62.21369,115.2272,116.99459,136.3412
66.57323,78.063965,193.22801,219.12373,-74.22101,119.556786
-11.878017,-90.48897,-99.733864,135.32552,-281.09454,-204.74188
-84.73497,-240.10925,696.64874,743.31384,-162.19943,-45.55784
-325.4976,-308.1034,-167.9031,486.09155,-131.88824,-1.88975
-105.67675,5.81604,-20.340147,108.352394,-399.77353,-186.1401
231.5915,2.9845865,149.54132,277.77277,139.82947,4.7040706
177.11447,-63.849052,174.03546,257.66577,-164.41951,138.71529
123.37736,-117.70514,-43.57008,181.11795,-145.28764,45.124577
178.15814,117.66397,618.1267,654.5017,-81.25835,-179.7538
114.927605,-39.041203,827.8118,836.8836,-145.71924,37.5408
-193.77965,154.15639,1003.16833,1033.5579,-481.10135,-573.8831
42.296818,-306.24728,-837.84625,895.0039,-65.69214,-200.14847
297.31323,-169.11043,-95.082054,362.7353,143.8529,-21.41905
-131.51491,-0.06056752,76.95434,152.80489,-65.035034,-130.34065
12.153508,-124.9403,-52.779137,140.27917,77.6444,121.935745
-184.78995,-7.2037477,-498.4994,532.2976,99.60503,-104.53104
23.177235,88.958565,-83.08682,124.082726,337.53342,184.81306
-24.986736,-100.38445,-360.43613,375.71655,132.42361,-220.38937
46.400753,67.0657,-184.46466,202.39061,120.64891,-96.41734
-434.34708,525.9292,-1354.3495,1517.22,65.84332,107.507065
36.084564,-135.43063,-102.05284,174.34198,24.143368,127.544945
197.37206,-142.4354,20.461134,247.07278,106.297905,-177.04494
11.040125,97.32763,184.81773,209.60214,-135.9043,56.26806
9.269302,99.12399,-202.66739,226.51268,-95.895325,197.75995
-116.2978,59.279125,7.0231833,131.21841,-45.308,-215.92438
84.97287,74.92988,-57.8526,127.895134,123.85623,109.68054
22.01873,92.10611,26.564756,99.21497,755.04706,133.0272
-272.38715,12.722357,29.056068,279.47214,-0.27175868,186.36421
-105.41753,-51.634644,-241.8991,269.3909,-40.879272,182.51152
122.13115,-113.88316,615.1374,637.8882,99.801285,-109.609665
-227.13106,145.16245,-367.0359,462.46826,-123.26549,77.16577
77.496635,-65.93933,992.90735,998.1567,56.953194,109.97979
-67.367714,-83.229904,377.59534,393.0791,111.535614,-121.929794
-87.76949,-74.790596,203.65862,234.4874,-299.658,-209.96986
73.64582,41.188023,-341.13437,351.98035,-180.28586,-781.48376
-288.64145,21.920355,-608.85596,674.74854,165.39253,-17.885937
-88.88876,-54.770313,-389.7327,403.67703,171.10818,143.57854
520.12103,432.7599,161.49945,697.6404,156.1534,-58.214325
99.99539,10.787134,-150.11275,181.06259,-52.196823,-131.38663
49.751167,62.69972,617.26904,622.5803,115.046875,68.519104
100.13866,-75.31787,144.19044,192.91757,2.9599943,144.0161
-275.64978,65.29256,-36.137608,289.70398,-216.57227,22.893244
35.32952,141.4661,-300.15594,335.68414,34.96905,195.09532
201.77254,-182.5714,302.82864,408.8166,-210.28203,373.2652
40.160736,114.621475,70.717636,143.16771,-6.93958,-136.01132
-94.54138,69.959755,981.4997,988.6643,146.24736,3.883287
202.509,-17.00279,-62.500343,212.88733,292.08444,-58.352287
-137.23242,59.57276,632.05884,649.7484,13.050466,121.56043
-335.96347,184.03271,1093.5895,1159.3055,167.0564,193.03113
102.838135,-117.61464,61.410236,169.25523,-139.64415,-66.1347
-83.76203,235.284,-13.042244,253.42961,100.268326,184.67586
162.24391,141.74574,692.89124,726.92224,62.131226,193.22789
34.674503,-128.16763,1643.4072,1648.7906,32.363327,-194.1564
551.2246,29.589233,-541.9858,775.0574,-84.72644,-132.14581
224.23592,51.018867,338.76804,410.61545,-139.6821,-88.86761
-103.97195,57.32269,-1164.7877,1170.835,108.74556,-145.43248
-71.44928,37.90198,-287.86682,299.23492,140.96193,-5.9322553
-11.192374,106.60894,24.984377,112.60869,220.50839,-156.95284
-32.838272,-76.684204,-741.6713,746.3479,109.31452,77.796036
189.60823,-33.067013,627.84937,657.0346,-40.69989,122.83601
109.30818,-25.763998,-62.943275,131.30836,180.05986,-608.28094
80.35378,38.274464,18.7285,93.5753,21.548489,148.70587
-70.00949,86.85037,1300.148,1304.9633,-189.3465,-21.092869
-17.446148,166.416,-270.91827,318.6645,-44.749336,112.120735
-96.20844,4.60498,-9.083621,99.43634,41.997105,252.56984
194.81079,142.52367,958.45953,990.69495,136.16692,-8.369411
107.79697,4.746794,-97.75582,146.70657,125.14848,-37.31078
-130.71416,-84.70858,721.7963,738.78864,1.821081,127.56028
-186.52824,210.78743,-555.5843,623.0461,-147.78389,-151.73883
167.08194,-13.625212,-612.6381,636.8266,211.42853,211.95108
-66.76308,-56.147095,-18.45154,89.66623,183.96483,53.906338
-75.45556,210.53606,51.06455,232.17506,198.79018,156.10391
320.87662,-100.0444,232.3107,409.314,-222.94644,-382.7057
-0.69754624,113.10626,-3.000162,114.722466,-31.64455,-190.0007
30.485128,-103.27928,-300.58234,319.5655,-23.541553,179.5279
-189.36113,-38.78804,-453.2127,492.98206,230.59622,40.942837
163.09663,-14.300535,-275.0837,321.94815,105.95829,212.89807
337.59763,-134.24854,420.94025,558.2881,-101.47697,-106.5375
15.064792,91.402504,-208.44124,228.61023,-206.91422,154.35828
130.54388,-71.12449,164.1,222.0962,63.946686,-156.34305
-143.24901,-11.763455,-769.7956,783.23376,134.19232,-96.25241
78.74689,26.900007,-203.69383,220.27095,-167.38345,73.258545
233.53218,240.50974,84.664314,348.64087,49.347588,115.935616
38.28414,106.95429,-537.62646,550.1731,-153.97441,-40.101574
59.840828,-61.042957,392.026,401.51892,-323.2876,-280.20407
-134.12665,133.1054,275.65543,335.98492,-107.334175,161.57495
-173.89142,31.849686,-131.88927,221.37668,-252.11227,189.91034
-18.145708,309.16812,-374.31247,486.55167,88.18694,-98.250755
-187.75162,212.84557,239.57333,380.22208,199.95866,9.348631
-115.478905,82.71016,-160.23233,214.94601,-99.748825,538.98724
-51.532852,74.510704,-48.200493,103.719765,-83.053856,-96.42929
35.397728,-109.33204,162.68661,200.11009,-229.70473,444.42032
-122.06813,-267.21307,-210.92088,361.97745,-137.54579,-32.857746
64.333824,-114.21155,461.31143,480.4325,-532.9566,-46.456676
-599.07806,-120.73324,111.83386,626.2468,-132.06058,32.792217
162.35234,-179.0595,-16.331547,242.98752,144.13646,139.38103
25.968689,-111.01596,-207.08148,236.73802,16.462181,-165.48824
-41.718895,-72.10904,419.29404,427.5142,-262.01233,-214.75992
45.982338,85.77612,357.80835,370.99002,195.2987,-13.839859
152.54192,41.61086,307.6721,346.3293,240.84023,-7.7643166
95.26288,-170.75854,441.57474,483.5414,117.29406,-164.17052
-132.18909,480.04456,-1393.9321,1481.7686,-66.05308,106.07001
-376.93268,-92.15521,-212.85896,443.28937,-140.15433,-114.378296
160.99252,-75.19517,144.12807,230.33148,134.93001,561.76715
-25.781097,-105.83012,-7.0185175,110.91711,114.98995,61.099693
-103.512146,-8.345612,-745.16656,752.51917,-105.86706,-73.945724
127.04172,41.0389,-65.62713,149.28664,193.97223,105.65061
-196.65979,4.1014857,444.63434,487.04056,-507.06046,170.98358
17.48874,99.52208,214.58104,237.75177,207.83409,10.130448
81.48088,-28.214554,0.96108127,89.440125,-208.95866,-45.248283
17.145187,-169.88545,1144.6056,1157.4363,436.12384,351.6957
74.330696,348.66727,580.8089,681.9011,0.0057477825,126.3409
82.988525,66.297386,106.46768,151.59901,-74.28099,102.43241
-63.05523,154.11855,352.54694,389.9832,11.93494,-141.3045
-162.919,187.03587,-275.0584,371.8397,10.0268135,162.45564
-97.1942,-10.850419,-147.59221,177.37639,89.44937,-130.4394
86.4561,55.824715,14.723203,105.71414,407.3828,316.7378
787.28436,-314.3452,666.4344,1079.795,-698.5253,279.06772
-54.414017,78.03168,-1445.8579,1449.0634,58.035294,110.34019
-29.160498,95.26371,152.18257,182.01752,-286.25284,-260.45044
85.640015,-101.09302,29.922626,140.29585,53.08514,129.59705
438.59894,-350.0889,-87.117775,571.4943,-102.15126,108.15831
-155.4644,7.749028,-1366.5615,1375.4552,-355.57144,135.37233
-250.21732,-116.35727,14.331406,279.4103,-103.46667,130.40685
-44.30055,210.019,39.28155,219.55568,-72.617294,123.77545
-55.923462,71.70184,61.987812,110.374954,25.684765,-122.044044
-158.02644,128.71515,-461.55026,504.6306,-238.91463,-112.031654
62.040695,58.27113,-32.86084,92.35324,-166.42899,398.02402
-236.00075,102.93741,-582.9223,637.5089,-145.82469,-39.525124
5.1723247,165.13736,124.88585,208.06708,123.63678,-80.23872
